Benin,Year,LNC02,LNGDPp,GDPg,FDI,LN(EU),LN(EC),AE,REC,UPG,TNR
Benin,1998,-1.641158859,6.71108321,3.961012138,0.46002921,5.781525032,3.754505242,19.5782547,79.6,3.818732256,7.528245306
Benin,1999,-1.580628401,6.732183039,5.341449372,0.253298447,5.7928407,3.900126136,20.56204224,76.9,3.852773747,3.147925746
Benin,2000,-1.541343536,6.7583422,5.857714205,-0.363490759,5.615247889,4.011882251,21.5,70.3,3.887869094,3.260951485
Benin,2001,-1.388498897,6.779756512,5.333135706,0.456588184,5.646260254,4.067723314,21.9,66.9,3.945663271,3.084829324
Benin,2002,-1.275863746,6.794740098,4.643030871,-0.462423415,5.68603982,4.17257628,23.4,64,4.031779616,3.302809291
Benin,2003,-1.193047085,6.798104198,3.443576776,0.198870349,5.708767203,4.117692801,24.3,61.7,4.103686378,4.140247462
Benin,2004,-1.159751069,6.810830671,4.429684554,-0.658688596,5.721227869,4.201652661,25.2,60.7,4.160801693,3.125428292
Benin,2005,-1.101184266,6.795611105,1.713164564,-0.133820369,5.692544329,4.24708693,26.1,59.2,4.361320398,3.07234404
Benin,2006,-0.812111947,6.80308401,3.943738828,-0.175764668,5.826799118,4.262323082,27.9,57.3,4.299500925,3.048762093
Benin,2007,-0.71081059,6.831673174,5.986349322,1.703869735,5.880877546,4.321133213,28,54.5,4.168669397,3.626915046
Benin,2008,-0.748399772,6.849281933,4.896577084,0.49256299,5.872657274,4.399112814,29,54.8,4.264521601,3.648754647
Benin,2009,-0.708024016,6.842219622,2.319292139,-0.193121765,5.890687173,4.414673591,30,52.8,4.272075875,3.702918328
Benin,2010,-0.656519124,6.83329749,2.114064726,0.561144748,5.896449155,4.45484134,34.2,47.2,4.282258951,3.42232994
Benin,2011,-0.710276349,6.832726096,2.963752919,1.508440505,5.86618827,4.471421362,36.9,48.7,4.297823539,3.478932344
Benin,2012,-0.788734096,6.850040115,4.811223316,2.527057773,5.847076786,4.448516743,38.4,50.3,4.306747131,3.921628358
Benin,2013,-0.767508333,6.889997749,7.191433721,2.878637471,5.90466157,4.516483563,34.7,52,4.308040435,3.561165857
Benin,2014,-0.703207038,6.922085121,6.357679098,3.054209933,5.906163121,4.646898026,34.1,51,4.373273217,3.704615524
Benin,2015,-0.670508944,6.910171227,1.77815106,1.315011821,5.938833587,4.573815778,29.6,49.9,4.384822758,4.300303136
Benin,2016,-0.492669718,6.913776382,3.339673426,1.11488131,6.013810069,4.522530297,37,45.4,4.369722837,4.45372247
Benin,2017,-0.507973606,6.940130221,5.671561952,1.581704952,6.021761795,4.554943749,34.5,45.4,4.339757138,4.098353253
Benin,2018,-0.406018182,6.976819035,6.697253622,1.360735733,6.048041751,4.57372425,39,44,4.284976899,2.608307276
Benin,2019,-0.446486407,7.015867745,6.865686628,1.516207809,6.027178255,4.591980877,40,46.5,4.218793705,2.467995902
Benin,2020,-0.406331502,7.027007494,3.8487924,1.109344141,6.054874648,4.58973675,41,46.2,4.157356938,2.427984838
Benin,2021,-0.687201978,7.07019489,7.155451646,1.956086611,5.929736195,4.729552028,42,54.5,4.097765737,2.304420283
Ghana,1998,-1.092091228,6.899931068,4.700390784,2.237349006,5.980776414,5.581882142,42.6,73.6,4.345525911,12.04866124
Ghana,1999,-1.029113225,6.918578446,4.399996825,3.157508776,5.994809043,5.853229439,40.74053955,72.8,4.226931484,7.829316881
Ghana,2000,-1.182797936,6.929786017,3.700000082,3.329419468,5.774946916,5.768978362,43.7,71.6,4.16366739,13.75972358
Ghana,2001,-1.131695158,6.942375678,4.000000128,1.680567013,5.746732534,5.784694855,44.8,69.3,4.251958899,12.74606357
Ghana,2002,-0.992893794,6.958891181,4.499999559,0.955694278,5.716360421,5.69994539,46.8,65.7,4.32238728,13.42490789
Ghana,2003,-1.083319226,6.982584335,5.200000133,1.791640939,5.639129552,5.358157287,48.3,64.5,4.245545629,15.61977238
Ghana,2004,-1.180426159,7.010586878,5.599999991,1.56810547,5.599133202,5.351812431,50.8,62.4,4.162201259,12.39741015
Ghana,2005,-1.15035423,7.041684408,5.900003819,1.349239866,5.56793743,5.463441517,41.3,61.4,4.099578082,11.73180446
Ghana,2006,-0.980778705,7.077722254,6.399912606,3.045290185,5.613615798,5.65178841,55.1,58.6,4.035069146,7.576184615
Ghana,2007,-0.952292703,7.09449793,4.346819104,5.57118877,5.572250641,5.457795634,56.9,54.5,3.96704906,8.828153088
Ghana,2008,-1.030693234,7.156671187,9.149798938,9.466439082,5.620486865,5.533839845,60.5,57.3,3.877513835,9.161901931
Ghana,2009,-0.91900587,7.179026328,4.844487052,9.108086691,5.614108256,5.5409513,61.1,51.9,3.781192869,10.81158268
Ghana,2010,-0.828232928,7.230728201,7.899711941,7.849484553,5.69069585,5.606494743,64.2,51.9,3.659849266,10.11462924
Ghana,2011,-0.777490658,7.338120029,14.04712358,8.255879713,5.712994287,5.722946593,64.1,50.1,3.582161047,16.07068747
Ghana,2012,-0.613481714,7.402781174,9.292789406,7.982515659,5.79459818,5.819033668,56.5,46.5,3.561581787,15.82267718
Ghana,2013,-0.575820834,7.449263567,7.312525017,5.134796609,5.77972803,5.863533667,70.7,46.2,3.517884218,10.88921407
Ghana,2014,-0.636686102,7.453775812,2.856240163,6.151206352,5.7725455,5.834578759,78.3,47.7,3.440662341,12.24953468
Ghana,2015,-0.608809938,7.451690381,2.120759338,6.457376142,5.78568207,5.724268526,74,44,3.349983075,10.56351682
Ghana,2016,-0.604436629,7.462106386,3.37346575,6.207826718,5.792801633,5.879703539,79.3,45.2,3.28635494,8.649802907
Ghana,2017,-0.546587313,7.518306608,8.128894881,5.390358417,5.861110875,6.013355225,79,45.3,3.17287474,10.37004043
Ghana,2018,-0.474819273,7.557709548,6.200077681,4.444043577,5.936632094,6.096699882,80.4,42.1,3.020133584,9.790407875
Ghana,2019,-0.432838063,7.600679296,6.507774794,5.67619931,5.941278942,6.152276268,83.5,42.6,2.920263027,9.76736656
Ghana,2020,-0.32908886,7.585887352,0.513941671,2.679374385,5.972213168,6.221676397,85.4,40,2.87180548,8.486579585
Ghana,2021,-0.28348403,7.615815045,5.076466435,3.18633189,5.945922819,6.29565648,86.3,39,2.805890685,13.3474845
Nigeria,1998,-0.271491717,7.257931549,2.581254102,0.137154047,5.596067377,4.613841523,41.25056839,87.2,4.625990521,11.35958951
Nigeria,1999,-0.312900447,7.237396531,0.584126893,1.699068935,5.606465034,4.650240692,44.9,87.2,4.624764405,13.04362918
Nigeria,2000,-0.232195686,7.259594465,5.015934759,1.64832099,5.613398625,4.559662316,43.2,86,4.638958128,24.935734
Nigeria,2001,-0.199796867,7.289922557,5.917684649,1.618615558,5.645484164,4.57917269,43.9,84.5,4.656252621,18.10122675
Nigeria,2002,-0.327261674,7.405127929,15.32915574,1.971584135,5.648153961,4.875149821,44.6,84.5,4.656248716,13.60481666
Nigeria,2003,-0.242895226,7.448458787,7.347194968,1.91462057,5.693235623,4.784674587,52.2,82.9,4.646106397,15.51250411
Nigeria,2004,-0.30527457,7.509227148,9.250558229,1.380373875,5.657330696,4.938803358,46.1,84,4.634227572,16.77550696
Nigeria,2005,-0.342418923,7.543936132,6.438516525,2.836294054,5.721642751,4.883205273,46.8,83.9,4.606598959,19.38756772
Nigeria,2006,-0.474831383,7.575153055,6.059428032,2.035752673,5.662856385,4.841234338,47.6,85.8,4.550296149,16.69897263
Nigeria,2007,-0.59679591,7.611265162,6.591130361,2.16919537,5.64096707,4.877336124,50.1,87.1,4.433780376,15.86101169
Nigeria,2008,-0.542764313,7.648874857,6.764472778,2.413739183,5.661336686,4.802428663,50.3,85.7,4.425728564,17.59026124
Nigeria,2009,-0.694472741,7.698304657,8.036925101,2.900248732,5.563668851,4.713719304,50,88.1,4.400607974,10.65114502
Nigeria,2010,-0.568273907,7.747366573,8.005655916,1.642073692,5.814353218,4.947028489,48,86,4.381423183,13.80299149
Nigeria,2011,-0.499281437,7.771057205,5.307924203,2.133117702,5.931056346,4.961894154,55.9,84.1,4.362858513,17.55390356
Nigeria,2012,-0.544145743,7.784745308,4.230061175,1.523782338,5.878682349,5.009723276,53,83.9,4.308891727,15.148515
Nigeria,2013,-0.457239461,7.822180699,6.671335393,1.069539365,5.862831941,5.07452078,55.6,81.4,4.224691911,11.62271811
Nigeria,2014,-0.415237257,7.856945081,6.309718655,0.817478468,5.855753099,5.235737251,54.2,79.9,4.128274103,8.781935524
Nigeria,2015,-0.47603018,7.85776454,2.652693295,0.621501637,5.769315946,5.301736885,52.5,81.3,3.998977909,4.554106818
Nigeria,2016,-0.459196398,7.816745388,-1.616868949,0.853395743,5.803586,5.390188566,59.3,81.1,3.912036735,4.657726157
Nigeria,2017,-0.545656217,7.800454861,0.805886619,0.642182922,5.758050707,4.928659171,54.4,81.6,3.849940803,7.804984924
Nigeria,2018,-0.523552756,7.796378194,1.922757342,0.183821496,5.705306212,4.937856236,56.5,80.8,3.709030521,9.798508226
Nigeria,2019,-0.507531582,7.796278141,2.208429278,0.344961216,5.802253554,4.928808445,55.4,80.1,3.570462125,8.353222672
Nigeria,2020,-0.587525671,7.709167594,-6.368898405,0.39848483,5.782147382,4.977846702,55.4,81.8,3.486111592,5.074840025
Nigeria,2021,-0.512482546,7.69923718,1.10925254,0.543909122,5.812566627,5.018251481,59.5,80.3,3.432282816,8.552954238
Senegal,1998,-0.952283139,6.903726259,5.898479318,1.092992585,5.416282927,4.788933903,33.83826828,48,2.754639351,2.954790451
Senegal,1999,-0.877526885,6.940961755,6.28330825,2.452464495,5.445416519,4.756436205,36.2,45.9,2.812218696,2.118280252
Senegal,2000,-0.915840403,6.954996378,3.887210958,1.357744524,5.483009549,4.613336775,37.7,47.5,2.884078513,2.308053282
Senegal,2001,-0.816627146,6.972951895,4.310851466,0.692757273,5.536512215,4.807243091,38.9,45.8,2.939017108,2.059761201
Senegal,2002,-0.804747414,6.949142009,0.068696575,1.180244408,5.521005661,4.975018363,36.8,43.8,3.015158907,2.28948973
Senegal,2003,-0.858479192,6.979504414,5.593950945,0.986458285,5.463045061,4.83118467,41.9,43.7,3.015074384,2.684753743
Senegal,2004,-0.751458365,7.001428342,4.643293937,1.365346632,5.509457922,4.928805877,36.8,39.9,2.987121033,1.971631587
Senegal,2005,-0.670119569,7.020235865,4.310238526,1.525512948,5.507100981,5.063605912,47.1,40.3,3.011849931,1.991625764
Senegal,2006,-0.717056107,7.019996805,2.330770983,2.477708377,5.487240465,5.06203635,49.9,43.4,3.038610215,1.993212948
Senegal,2007,-0.637893629,7.024647804,2.827119201,2.511456675,5.536323992,5.208104981,48.1,40,3.07746243,2.30348229
Senegal,2008,-0.625782246,7.037615174,3.703169064,2.704047398,5.55773349,5.077332749,49.7,39.8,3.143799573,3.072427216
Senegal,2009,-0.626625928,7.041108181,2.752104485,2.052995358,5.719446573,5.355237083,53.5,51.3,3.224997103,3.834449202
Senegal,2010,-0.593726754,7.050585822,3.390889253,1.687783367,5.747470062,5.409760216,56.5,49.5,3.306507025,2.975973164
Senegal,2011,-0.549683486,7.038559375,1.33409108,1.901069964,5.760450046,5.415156178,56.5,48,3.512542839,3.649594077
Senegal,2012,-0.591935979,7.051038649,4.002995551,1.563680196,5.711812221,5.475454525,56.5,49.6,3.731174719,4.863981187
Senegal,2013,-0.558833794,7.045241523,2.412385276,1.64581763,5.602360368,5.476191028,57,42.7,4.088542749,3.42436225
Senegal,2014,-0.523693106,7.073946362,6.224074438,2.036131212,5.65194862,5.54215375,61,42.5,4.408108289,3.156947652
Senegal,2015,-0.459363157,7.104970486,6.367043651,2.301949347,5.692976369,5.576042701,60.5,39.1,4.534481102,3.479118857
Senegal,2016,-0.378486655,7.136808588,6.356068572,2.481103207,5.659628625,5.619791503,64.5,36.7,4.651226151,3.979641105
Senegal,2017,-0.416553954,7.179391295,7.407486186,2.806062703,5.627691883,5.572418001,61.7,36.8,4.737383987,3.212325285
Senegal,2018,-0.393674511,7.21162766,6.209241034,3.66765809,5.614510481,5.604474367,66,34.2,4.796373611,2.886554644
Senegal,2019,-0.393896564,7.229555225,4.613628098,4.552476186,5.698969327,5.738266165,70.4,36.2,4.830434782,2.759883106
Senegal,2020,-0.439812142,7.216556345,1.342073773,7.523957081,5.636958333,5.743530645,64.3,38.7,4.835011627,2.869631901
Senegal,2021,-0.271671612,7.254559323,6.544001099,9.404264051,5.684169483,5.797880192,68,35.4,4.803707673,4.40159712
Togo,1998,-1.470035248,6.626331274,-2.29987657,0.495891968,6.007663539,4.685022665,15.3,77.8,3.913872861,10.38014581
Togo,1999,-1.237112422,6.626082895,2.481751438,0.677685877,6.116822377,4.753169829,16.07299995,73.1,3.863841734,6.801665615
Togo,2000,-1.341195741,6.593247791,-0.78347961,2.50698257,6.089728149,4.585383864,17,77.1,3.8675373,7.144015832
Togo,2001,-1.471053854,6.576586804,0.823438752,3.468722086,6.062499063,4.624527537,19.6,82,3.839176618,6.648619423
Togo,2002,-1.433361369,6.589370352,3.826622577,2.398403891,6.072951134,4.601756856,21.3,78.7,3.811482454,6.848156721
Togo,2003,-1.276958917,6.629464757,6.720171423,1.531922915,6.102504835,4.668303599,23,74.8,3.810162323,9.301572531
Togo,2004,-1.343542892,6.595248676,-0.978665333,2.50559739,6.088612298,4.710848753,24.8,76.1,3.733960467,6.310259846
Togo,2005,-1.41788917,6.522806014,-4.666299384,2.979710359,6.082990124,4.731163011,26.5,77.2,3.741109945,6.87103076
Togo,2006,-1.517091397,6.520459446,2.650132099,2.752161444,6.052693952,4.722015642,27.9,79.7,4.104901022,8.393287962
Togo,2007,-1.551800973,6.477044178,-1.1751369,1.659771787,6.059324639,4.65795095,30,79.9,4.392670092,10.54848439
Togo,2008,-1.317890936,6.484477548,4.035613154,1.111466941,6.067747444,4.677279529,31.8,76.5,4.424213324,15.15456273
Togo,2009,-0.816142158,6.505290101,5.453810969,0.980635149,6.231418539,4.840803459,33.7,63.4,4.417854657,14.67529636
Togo,2010,-0.918393549,6.530898306,5.854333991,2.634932732,6.200010395,4.836220067,30.8,65.8,4.293860727,11.30762843
Togo,2011,-1.031575306,6.560241329,5.823256221,13.43880232,6.178712288,4.919329751,39.7,69.1,3.871142172,17.92481057
Togo,2012,-1.085935896,6.598077877,6.302714269,2.244585402,6.152178078,5.057552848,39.1,72.7,3.459755395,20.99368899
Togo,2013,-1.258508057,6.633110007,5.824250693,3.048945407,6.101501665,4.533717236,41,76.2,3.276495058,15.56532009
Togo,2014,-1.386127747,6.667703841,5.633237391,0.844950465,6.122967078,5.226984449,45.7,81.4,3.127416879,13.3950716
Togo,2015,-1.520401956,6.701830968,5.468041381,4.480269751,6.073587398,4.595007431,44.7,81,3.005511628,12.72800872
Togo,2016,-1.219068219,6.724985041,4.214903874,-0.76275825,6.134229959,4.926526867,46.8,80.7,2.895744448,9.003109569
Togo,2017,-1.487166657,6.747276301,4.007912596,1.38645401,6.096500893,5.23208635,48,78.4,2.771695046,7.777338358
Togo,2018,-1.348535967,6.776008351,4.795183331,-2.574579026,6.120688839,4.934772305,50,76.7,2.870422453,4.873623296
Togo,2019,-1.286308551,6.80257986,4.919492605,4.943520542,6.131061103,5.224824747,52.5,78.6,3.193937624,4.325876358
Togo,2020,-1.168079956,6.802115616,2.159001312,-0.79089728,6.15884751,5.197334515,54.1,76.2,3.220371915,4.731685722
Togo,2021,-1.141632466,6.833356128,5.135629291,-1.594788017,6.158340676,5.201661049,55.7,75.1,2.911373754,7.864174198
